KimDokja,KimDokja,김독자
LeeGilyeong,LeeGilyeong,이길영
JeongHuiwon,JeongHuiwon,정희원
LeeHyeonseong,LeeHyeonseong,이현성
CheonInho,CheonInho,천인호
YuJunghyeok,YuJunghyeok,유중혁
HanMyeongoh,HanMyeongoh,한명오
YuSangah,YuSangah,유상아
AnnaCroft,AnnaCroft,안나 크로포트
Bihyeong,Bihyeong,비형
Biryu,Biryu,비류
qwer,Qwer,큐더블류이알